{
  "total_samples": 12657,
  "total_features": 13,
  "unique_labels": 35,
  "label_distribution": {
    "অ": 838,
    "ঐ": 801,
    "এ": 782,
    "ও": 776,
    "ঔ": 747,
    "ই": 734,
    "উ": 671,
    "ঋ": 631,
    "আ": 556,
    "দ": 301,
    "থ": 285,
    "ঞ": 266,
    "ত": 265,
    "চ": 248,
    "ধ": 246,
    "ছ": 244,
    "জ": 244,
    "ড": 243,
    "ণ": 240,
    "ঙ": 239,
    "ম": 234,
    "খ": 231,
    "ঢ": 231,
    "ঝ": 230,
    "প": 227,
    "হ": 227,
    "ফ": 223,
    "শ": 222,
    "গ": 221,
    "ঠ": 220,
    "ট": 216,
    "ক": 215,
    "ঘ": 214,
    "ল": 204,
    "ং": 185
  },
  "missing_values": {
    "label": 0,
    "p1": 0,
    "p2": 0,
    "p3": 0,
    "p4": 0,
    "p5": 0,
    "r1": 0,
    "r2": 0,
    "r3": 0,
    "r4": 0,
    "r5": 0,
    "dataset_id": 0,
    "processing_timestamp": 0
  },
  "data_types": {
    "label": "object",
    "p1": "float64",
    "p2": "float64",
    "p3": "float64",
    "p4": "float64",
    "p5": "float64",
    "r1": "float64",
    "r2": "float64",
    "r3": "float64",
    "r4": "float64",
    "r5": "float64",
    "dataset_id": "int64",
    "processing_timestamp": "datetime64[us]"
  },
  "processing_stats": {
    "total_files": 45,
    "successful_files": 44,
    "failed_files": 1,
    "total_rows_removed": 1622
  },
  "quality_metrics": {
    "completeness": 1.0,
    "consistency": "True",
    "sensor_data_stats": {
      "p1": {
        "count": 12657.0,
        "mean": -36.861433199020304,
        "std": 34.19209143899108,
        "min": -88.75,
        "25%": -61.37,
        "50%": -45.34,
        "75%": -20.76,
        "max": 87.39
      },
      "p2": {
        "count": 12657.0,
        "mean": 0.297001659160939,
        "std": 31.55079253473054,
        "min": -89.18,
        "25%": -12.48,
        "50%": 0.38,
        "75%": 18.56,
        "max": 64.3
      },
      "p3": {
        "count": 12657.0,
        "mean": -5.138121197756183,
        "std": 37.897783037526835,
        "min": -89.08,
        "25%": -28.97,
        "50%": -4.21,
        "75%": 25.77,
        "max": 67.68
      },
      "p4": {
        "count": 12657.0,
        "mean": -6.656485739116696,
        "std": 37.775773272777975,
        "min": -86.57,
        "25%": -27.16,
        "50%": -3.58,
        "75%": 15.35,
        "max": 74.38
      },
      "p5": {
        "count": 12657.0,
        "mean": -6.4928545468910475,
        "std": 39.5584301090977,
        "min": -88.26,
        "25%": -34.25,
        "50%": -6.89,
        "75%": 12.66,
        "max": 83.21
      },
      "r1": {
        "count": 12657.0,
        "mean": -34.838041400015804,
        "std": 67.97318841054076,
        "min": -178.63,
        "25%": -84.28,
        "50%": -49.52,
        "75%": 8.43,
        "max": 177.25
      },
      "r2": {
        "count": 12657.0,
        "mean": -3.507422770008692,
        "std": 31.193936894328488,
        "min": -121.12,
        "25%": -15.29,
        "50%": 0.14,
        "75%": 13.53,
        "max": 138.0
      },
      "r3": {
        "count": 12657.0,
        "mean": -1.5649387690605983,
        "std": 50.405562451392306,
        "min": -179.56,
        "25%": -16.49,
        "50%": 6.99,
        "75%": 20.57,
        "max": 162.21
      },
      "r4": {
        "count": 12657.0,
        "mean": -11.413916409891762,
        "std": 57.064170858584966,
        "min": -167.75,
        "25%": -58.52,
        "50%": 6.25,
        "75%": 24.91,
        "max": 173.86
      },
      "r5": {
        "count": 12657.0,
        "mean": -15.412660188038243,
        "std": 59.33716340069033,
        "min": -172.68,
        "25%": -71.91,
        "50%": 2.41,
        "75%": 27.61,
        "max": 178.26
      },
      "dataset_id": {
        "count": 12657.0,
        "mean": 6328.0,
        "std": 3653.905513283013,
        "min": 0.0,
        "25%": 3164.0,
        "50%": 6328.0,
        "75%": 9492.0,
        "max": 12656.0
      }
    }
  }
}